<?xml version="1.0" encoding="UTF-8"?>
<beans xmlns="http://www.springframework.org/schema/beans"
	xmlns:xsi="http://www.w3.org/2001/XMLSchema-instance"
	xsi:schemaLocation="http://www.springframework.org/schema/beans http://www.springframework.org/schema/beans/spring-beans.xsd">

<bean name="studentRepository" class="com.sahan.repository.HibernateStudentRepository"></bean>
<!-- <bean name="studentRepositoryJPA" class="com.sahan.repository.JPAStudentRepository"></bean> -->
<bean name="studentService" class="com.sahan.service.StudentServiceImpl">

	<!-- <property name="repository" ref="studentRepository"></property> -->
	<constructor-arg ref="studentRepository"></constructor-arg>
</bean>

</beans>
